DDC, DODGE CITY RGNL, 00676AD.PDF
, , 05010AD.PDF
OCF, 24193 OCALA INTL-JIM TAYLOR FLD, 05055AD.PDF
5B2, 24081 SARATOGA COUNTY, 05816AD.PDF
, , 00918AD.PDF
, , 00577AD.PDF
HTS, TRI-STATE/MILTON J FERGUSON FLD, 00532AD.PDF
OXC, WATERBURY-OXFORD, 05785AD.PDF
IXD, 20086 NEW CENTURY AIRCENTER, 00302AD.PDF
RIC, RICHMOND INTL, 00347AD.PDF
PGV, PITT-GREENVILLE, 05521AD.PDF
JEF, JEFFERSON CITY MEML, 00796AD.PDF
CNO, CHINO, 05599AD.PDF
BLV, 23334 SCOTT AFB/MIDAMERICA ST LOUIS, 00046AD.PDF
WVI, WATSONVILLE MUNI, 00805AD.PDF
RYN, RYAN FLD, 06513AD.PDF
SEM, 23110 CRAIG FLD, 00387AD.PDF
, , 00756AD.PDF
MHV, MOJAVE AIR & SPACE PORT/RUTAN FLD, 09353AD.PDF
DKK, 23110 CHAUTAUQUA COUNTY/DUNKIRK, 00880AD.PDF
IPT, WILLIAMSPORT RGNL, 00457AD.PDF
SHD, 24137 SHENANDOAH VALLEY RGNL, 05369AD.PDF
MYF, 22083 MONTGOMERY-GIBBS EXEC, 05401AD.PDF
MOB, MOBILE RGNL, 00267AD.PDF
, , 00925AD.PDF
ORD, 24249 CHICAGO O'HARE INTL, 00166AD.PDF
DHN, 22027 DOTHAN RGNL, 00123AD.PDF
, , AKRAD.PDF
TEX, TELLURIDE RGNL, 06920AD.PDF
, , 00436AD.PDF
MWA, VETERANS AIRPORT OF SOUTHERN ILLINOIS, 05215AD.PDF
LMT, CRATER LAKE/KLAMATH RGNL, 00473AD.PDF
EMT, SAN GABRIEL VALLEY, 05639AD.PDF
LEB, LEBANON MUNI, 00859AD.PDF
SWO, 24249 STILLWATER RGNL, 05151AD.PDF
GOV, 20086 GRAYLING AAF, 05957AD.PDF
HGR, HAGERSTOWN RGNL/RICHARD A HENSON FLD, 05114AD.PDF
MQJ, 24081 INDIANAPOLIS RGNL, 06452AD.PDF
, , NE4RAD.PDF
GTU, 22363 GEORGETOWN EXEC, 05724AD.PDF
PAE, SEATTLE PAINE FLD INTL, 00142AD.PDF
DAY, JAMES M COX DAYTON INTL, 00107AD.PDF
, , 05761AD.PDF
MCN, MIDDLE GEORGIA RGNL, 00243AD.PDF
SGJ, NORTHEAST FLORIDA RGNL, 00692AD.PDF
HKS, HAWKINS FLD, 00206AD.PDF
VPZ, PORTER COUNTY RGNL, 05460AD.PDF
JWN, 24081 JOHN C TUNE, 06878AD.PDF
IKV, ANKENY RGNL, 09156AD.PDF
, , 00553AD.PDF
BKL, BURKE LAKEFRONT, 05370AD.PDF
RDU, RALEIGH-DURHAM INTL, 00516AD.PDF
ORH, WORCESTER RGNL, 00652AD.PDF
FLG, FLAGSTAFF PULLIAM, 05034AD.PDF
, , 05071AD.PDF
ECG, ELIZABETH CITY CG AIR STATION/RGNL, 00617AD.PDF
AGS, 23110 AUGUSTA RGNL AT BUSH FLD, 00027AD.PDF
CBF, 21336 COUNCIL BLUFFS MUNI, 05540AD.PDF
AGC, 24193 ALLEGHENY COUNTY, 00326AD.PDF
SNS, SALINAS MUNI, 00363AD.PDF
APC, NAPA COUNTY, 00281AD.PDF
ASH, BOIRE FLD, 05036AD.PDF
HLG, WHEELING OHIO COUNTY, 00650AD.PDF
GMU, GREENVILLE DOWNTOWN, 00180AD.PDF
3T5, FAYETTE RGNL AIR CENTER, 09154AD.PDF
, , 00239AD.PDF
, , 00409AD.PDF
PIR, PIERRE RGNL, 00324AD.PDF
SLE, MCNARY FLD, 00361AD.PDF
, , 03017AD.PDF
HWO, NORTH PERRY, 05606AD.PDF
, , 00770AD.PDF
ALS, SAN LUIS VALLEY RGNL/BERGMAN FLD, 00018AD.PDF
IFP, LAUGHLIN/BULLHEAD INTL, 06967AD.PDF
, , 00471AD.PDF
, , PACRAD.PDF
DFW, 24249 DALLAS-FORT WORTH INTL, 06039AD.PDF
, , 01241AD.PDF
, , 00755KOKOHEAD.PDF
LBB, LUBBOCK PRESTON SMITH INTL, 00241AD.PDF
RVS, TULSA RIVERSIDE, 05427AD.PDF
FAY, 23278 FAYETTEVILLE RGNL/GRANNIS FLD, 00690AD.PDF
PAH, BARKLEY RGNL, 00628AD.PDF
, , 00903AD.PDF
EUG, 24025 MAHLON SWEET FLD, 00140AD.PDF
SBA, 24193 SANTA BARBARA MUNI, 00378AD.PDF
NUQ, MOFFETT FEDERAL AIRFIELD, 00410AD.PDF
CLE, 24025 CLEVELAND-HOPKINS INTL, 00084AD.PDF
CHA, 23222 LOVELL FLD, 00079AD.PDF
, , 00754AD.PDF
JAN, JACKSON-MEDGAR WILEY EVERS INTL, 05132AD.PDF
GPM, 23222 GRAND PRAIRIE MUNI, 09209AD.PDF
LNS, LANCASTER, 00927AD.PDF
GLS, SCHOLES INTL AT GALVESTON, 00164AD.PDF
RNT, RENTON MUNI, 05396AD.PDF
TTD, PORTLAND-TROUTDALE, 00649AD.PDF
RCE, CLARENCE E PAGE MUNI, 00298AD.PDF
, , SW4RAD.PDF
EDC, 23222 AUSTIN EXEC, 05891AD.PDF
LAF, PURDUE UNIVERSITY, 00220AD.PDF
CRE, GRAND STRAND, 05097AD.PDF
SAF, SANTA FE RGNL, 00548AD.PDF
MAF, 22195 MIDLAND INTL AIR AND SPACE PORT, 00258AD.PDF
APF, 24249 NAPLES MUNI, 06020AD.PDF
FTW, FORT WORTH MEACHAM INTL, 00159AD.PDF
BTM, BERT MOONEY, 00588AD.PDF
FMH, CAPE COD COAST GUARD AIR STATION, 10362AD.PDF
OXR, 23334 OXNARD, 00674AD.PDF
FSM, FORT SMITH RGNL, 00631AD.PDF
SDM, BROWN FLD MUNI, 05814AD.PDF
ABI, ABILENE RGNL, 00001AD.PDF
IDP, 22251 INDEPENDENCE MUNI, 00495AD.PDF
GGG, 24193 EAST TEXAS RGNL, 00807AD.PDF
RAL, RIVERSIDE MUNI, 00769AD.PDF
RDM, 23222 ROBERTS FLD, 00345AD.PDF
VCV, SOUTHERN CALIFORNIA LOGISTICS, 00794AD.PDF
PGD, PUNTA GORDA, 06178AD.PDF
BVX, 24193 BATESVILLE RGNL, 05442AD.PDF
LAN, 24193 CAPITAL REGION INTL, 00224AD.PDF
TBN, 22139 WAYNESVILLE-ST ROBERT RGNL FORNEY FLD, 05093AD.PDF
DBQ, 24249 DUBUQUE RGNL, 00923AD.PDF
, , 00160AD.PDF
DLH, DULUTH INTL, 00125AD.PDF
HUF, TERRE HAUTE RGNL, 00608AD.PDF
, , 00038AD.PDF
, , 00381AD.PDF
FUL, FULLERTON MUNI, 05136AD.PDF
, , 00339AD.PDF
LXT, 24081 LEE'S SUMMIT MUNI, 06104AD.PDF
CMY, SPARTA/FORT MC COY, 06902AD.PDF
DXR, 22139 DANBURY MUNI, 05272AD.PDF
, , 00414AD.PDF
, , 00451AD.PDF
CYS, CHEYENNE RGNL/JERRY OLSON FLD, 00080AD.PDF
OMA, EPPLEY AIRFIELD, 00304AD.PDF
, , 00341AD.PDF
IPL, IMPERIAL COUNTY, 00790AD.PDF
, , 00429AD.PDF
GCK, GARDEN CITY RGNL, 00491AD.PDF
BTR, BATON ROUGE METRO, RYAN FLD, 00040AD.PDF
CXP, 22307 CARSON CITY, 06515AD.PDF
FYV, DRAKE FLD, 00728AD.PDF
DET, 24137 COLEMAN A YOUNG MUNI, 00118AD.PDF
EWN, COASTAL CAROLINA RGNL, 00670AD.PDF
GTR, GOLDEN TRIANGLE RGNL, 05855AD.PDF
MOT, MINOT INTL, 00635AD.PDF
LSE, LA CROSSE RGNL, 00219AD.PDF
MVN, MOUNT VERNON, 05317AD.PDF
MCO, 24249 ORLANDO INTL, 00571AD.PDF
BAM, 22251 BATTLE MOUNTAIN, 00534AD.PDF
UIN, QUINCY RGNL-BALDWIN FLD, 00862AD.PDF
HRL, 24249 VALLEY INTL, 00827AD.PDF
PHL, 24193 PHILADELPHIA INTL, 00320AD.PDF
SLC, 24193 SALT LAKE CITY INTL, 00365AD.PDF
TOL, EUGENE F KRANZ TOLEDO EXPRESS, 00184AD.PDF
TTN, 24249 TRENTON MERCER, 00982AD.PDF
CHD, CHANDLER MUNI, 06494AD.PDF
MKG, 20366 MUSKEGON COUNTY, 00278AD.PDF
EWR, 24249 NEWARK LIBERTY INTL, 00285AD.PDF
CRP, 20086 CORPUS CHRISTI INTL, 05032AD.PDF
LWM, 24081 LAWRENCE MUN I, 00654AD.PDF
MWC, LAWRENCE J TIMMERMAN, 05077AD.PDF
GYH, DONALDSON FLD, 00179AD.PDF
GPT, GULFPORT-BILOXI I N TL, SC4RAD.PDF
ACY, ATLANTIC CITY INTL, 00669AD.PDF
5B6, 23334 FALMOUTH AIRPARK, 10083AD.PDF
FAR, 24249 HECTOR INTL, 00144AD.PDF
UAO, AURORA STATE, 05722AD.PDF
MER, CASTLE, 00568AD.PDF
GDV, DAWSON COMMUNITY, 06078AD.PDF
MSN, DANE COUNTY RGNL/TRUAX FLD, 00245AD.PDF
MVY, MARTHA'S VINEYARD, 00694AD.PDF
HUT, 21280 HUTCHINSON RGNL, 00200AD.PDF
TUS, 24249 TUCSON INTL, 00430AD.PDF
OJC, JOHNSON COUNTY EXEC, 05687AD.PDF
SAC, SACRAMENTO EXEC, 00358AD.PDF
GYR, PHOENIX GOODYEAR, 06648AD.PDF
, , 05157AD.PDF
JHW, 23334 CHAUTAUQUA COUNTY/JAMESTOWN, 00731AD.PDF
BZN, 24137 BOZEMAN YELLOWSTONE INTL, 00059AD.PDF
, , 00488AD.PDF
LKP, 21336 LAKE PLACID, 09371AD.PDF
RSW, SOUTHWEST FLORIDA INTL, 06757AD.PDF
STS, 21168 CHARLES M SCHULZ - SONOMA COUNTY, 00696AD.PDF
HON, HURON RGNL, 00202AD.PDF
TMB, MIAMI EXEC, 05349AD.PDF
PIA, GENERAL DOWNING - PEORIA INTL, 00597AD.PDF
TOI, 24081 TROY MUNI AT N KENNETH CAMPBELL FLD, 05720AD.PDF
, , 00146AD.PDF
AIZ, LEE C FINE MEML, 05765AD.PDF
TLH, 24025 TALLAHASSEE INTL, 05048AD.PDF
GIF, 22363 WINTER HAVEN RGNL, 05953AD.PDF
, , 00776AD.PDF
TUL, 24081 TULSA INTL, 00432AD.PDF
, , 05211AD.PDF
PHX, 24249 PHOENIX SKY HARBOR INTL, 00322AD.PDF
SJT, 22083 SAN ANGELO RGNL/MATHIS FLD, 00367AD.PDF
MFD, MANSFIELD LAHM RGNL, 00860AD.PDF
BMG, MONROE COUNTY, 05168AD.PDF
, , 09216AD.PDF
JVL, 24081 SOUTHERN WISCONSIN RGNL, 00938AD.PDF
SPG, 23166 ALBERT WHITTED, 00613AD.PDF
, , 05459AD.PDF
CIC, CHICO RGNL, 00557AD.PDF
, , 00512AD.PDF
MEZ, MENA INTERMOUNTAIN MUNI, 06002AD.PDF
FMN, FOUR CORNERS RGNL, 00493AD.PDF
, , 00801AD.PDF
, , 00343AD.PDF
NWS, SERVICE, 06063AD.PDF
SEP, 24193 STEPHENVILLE CLARK RGNL, 06026AD.PDF
TYQ, 24025 INDIANAPOLIS EXEC, 05438AD.PDF
, , 00959AD.PDF
FAT, FRESNO YOSEMITE INTL, 00162AD.PDF
, , 05328AD.PDF
STP, ST PAUL DOWNTOWN HOLMAN FLD, 00263AD.PDF
LRD, 24137 LAREDO INTL, 00226AD.PDF
HYS, HAYS RGNL, 05440AD.PDF
MDH, SOUTHERN ILLINOIS, 05091AD.PDF
TPA, 24249 TAMPA INTL, 00416AD.PDF
SHV, SHREVEPORT RGNL, 00884AD.PDF
, , 00453AD.PDF
FZY, 24025 OSWEGO COUNTY, 05518AD.PDF
AZO, 20086 KALAMAZOO/BATTLE CREEK INTL, 00717AD.PDF
BFF, WESTERN NEBRASKA RGNL/WM B HEILIG FLD, 00383AD.PDF
PNE, NORTHEAST PHILADELPHIA, 00528AD.PDF
, , SW2RAD.PDF
RIW, CENTRAL WYOMING RGNL, 00691AD.PDF
BAZ, NEW BRAUNFELS NTL, 06080AD.PDF
DAG, BARSTOW-DAGGETT, 00104AD.PDF
IDA, IDAHO FALLS RGNL, 00590AD.PDF
, , 00771AD.PDF
, , 00734AD.PDF
AMA, RICK HUSBAND AMARILLO INTL, 00019AD.PDF
, , SE3RAD.PDF
, , 01019AD.PDF
, , 00470AD.PDF
ATW, APPLETON INTL, 05216AD.PDF
, , 00435AD.PDF
PNS, 23166 PENSACOLA INTL, 00318AD.PDF
ARB, 20086 ANN ARBOR MUNI, 05506AD.PDF
STL, ST LOUIS LAMBERT INTL, 00360AD.PDF
GXY, GREELEY-WELD COUNTY, 00325AD.PDF
, , EC1RAD.PDF
CMI, 24249 UNIVERSITY OF ILLINOIS/WILLARD, 00709AD.PDF
BRO, BROWNSVILLE/SOUTH PADRE ISLAND INTL, 00061AD.PDF
IAG, NIAGARA FALLS INTL, 00614AD.PDF
MYR, MYRTLE BEACH INTL, 00280AD.PDF
HUM, HOUMA-TERREBONNE, 05037AD.PDF
HPN, WESTCHESTER COUNTY, 00651AD.PDF
, , 06341AD.PDF
ERI, ERIE INTL/TOM RIDGE FLD, 00139AD.PDF
LWS, LEWISTON/NEZ PERCE COUNTY, 00515AD.PDF
ICT, WICHITA DWIGHT D EISENHOWER NTL, 00987AD.PDF
GWO, GREENWOOD-LEFLORE, 00181AD.PDF
LCK, 23054 RICKENBACKER INTL, 06846AD.PDF
JQF, 24193 CONCORD-PADGETT RGNL, 09155AD.PDF
, , 01238AD.PDF
ASE, ASPEN-PITKIN COUNTY/SARDY FLD, 05889AD.PDF
LOU, BOWMAN FLD, 00238AD.PDF
, , 00494AD.PDF
SLK, 23166 ADIRONDACK RGNL, 00806AD.PDF
BLI, BBEELLLLIINNGGHHAAMM IINNTTLL, 00045AD.PDF
ADS, ADDISON, 00768AD.PDF
OKC, 24249 WILL ROGERS WORLD, 00301AD.PDF
PDK, DEKALB-PEACHTREE, 00469AD.PDF
RDD, REDDING RGNL, 00688AD.PDF
MLS, FRANK WILEY FLD, 00259AD.PDF
TRK, TRUCKEE-TAHOE, 06021AD.PDF
JKA, 22195 GULF SHORES INTL/JACK EDWARDS FLD, 06827AD.PDF
, , 00630AD.PDF
, , 05013AD.PDF
HYA, 24193 CAPE COD GATEWAY, 00675AD.PDF
DIK, DICKINSON/THEODORE ROOSEVELT RGNL, 00120AD.PDF
MBS, 22251 MBS INTL, 00648AD.PDF
, , 00299AD.PDF
, , 05096AD.PDF
MSP, 22027 MINNEAPOLIS-ST PAUL INTL/WOLD-CHAMBERLAIN, 00264AD.PDF
SEE, GILLESPIE FLD, 05402AD.PDF
HOU, WILLIAM P HOBBY, 00198AD.PDF
SMX, 24137 SANTA MARIA PUB/CAPT G ALLAN HANCOCK FLD, 00379AD.PDF
, , 00454AD.PDF
SYR, SYRACUSE HANCOCK INTL, 00411AD.PDF
CLT, 24249 CHARLOTTE/DOUGLAS INTL, 00078AD.PDF
BFI, 24025 BOEING FLD/KING COUNTY INTL, 00384AD.PDF
AID, ANDERSON MUNI-DARLINGTON FLD, 05133AD.PDF
DEC, DECATUR, 00710AD.PDF
, , 00223AD.PDF
FCM, FLYING CLOUD, 05094AD.PDF
SUS, SPIRIT OF ST LOUIS, 05400AD.PDF
MSO, MISSOULA MONTANA, 00266AD.PDF
, , 05069AD.PDF
, , 06432AD.PDF
, , NE2RAD.PDF
MWH, GRANT COUNTY INTL, 00961AD.PDF
BQK, BRUNSWICK GOLDEN ISLES, 00167AD.PDF
LAW, LAWTON-FORT SILL RGNL, 00924AD.PDF
PMP, 24025 POMPANO BEACH AIRPARK, 05972AD.PDF
BJI, BEMIDJI RGNL, 05174AD.PDF
BIS, BISMARCK MUNI, NC1RAD.PDF
JYO, 24025 LEESBURG EXEC, 05288AD.PDF
FHB, FERNANDINA BEACH MUNI, 06597AD.PDF
COS, 23166 CITY OF COLORADO SPRINGS MUNI, 00087AD.PDF
, , 00413AD.PDF
CDW, ESSEX COUNTY, 05275AD.PDF
GKY, ARLINGTON MUNI, 05189AD.PDF
, , 05248AD.PDF
RNO, RENO/TAHOE INTL, 00346AD.PDF
, , 00496AD.PDF
BWI, 24249 BALTIMORE/WASHINGTON INTL THURGOOD MARSHALL, 00804AD.PDF
, , 00002AD.PDF
MIE, DELAWARE COUNTY RGNL, 05011AD.PDF
GPT, GULFPORT-BILOXI INTL, 00576AD.PDF
CRQ, MC CLELLAN-PALOMAR, 05310AD.PDF
LFT, LAFAYETTE RGNL/PAUL FOURNET FLD, 00865AD.PDF
ATL, 24249 HARTSFIELD - JACKSON ATLANTA INTL, 00026AD.PDF
SLN, 23222 SALINA RGNL, 00362AD.PDF
, , 05504AD.PDF
PIH, POCATELLO RGNL, 00327AD.PDF
JST, JOHN MURTHA JOHNSTOWN/CAMBRIA COUNTY, 00898AD.PDF
MFE, 23054 MC ALLEN INTL, 00985AD.PDF
VNY, VAN NUYS, 00552AD.PDF
CKB, 24193 NORTH CENTRAL WEST VIRGINIA, 00616AD.PDF
BNA, 24137 NASHVILLE INTL, 00282AD.PDF
DAL, 24249 DALLAS LOVE FLD, 00106AD.PDF
TIX, SPACE COAST RGNL, 05760AD.PDF
ALO, 22027 WATERLOO RGNL, 00945AD.PDF
, , 00143AD.PDF
, , 05008AD.PDF
IAH, 24193 GEORGE BUSH INTCNTL/HOUSTON, 05461AD.PDF
SJC, NORMAN Y MINETA SAN JOSE INTL, 00693AD.PDF
DEN, 24249 DENVER INTL, 09077AD.PDF
, , 00472AD.PDF
VRB, 23334 VERO BEACH RGNL, 00437AD.PDF
DTS, 21168 DESTIN EXEC, 05680AD.PDF
PRB, PASO ROBLES MUNI, 00858AD.PDF
SAW, 24249 MARQUETTE/SAWYER RGNL, 00773AD.PDF
, , 00736AD.PDF
SUA, WITHAM FLD, 09217AD.PDF
LAL, 23278 LAKELAND LINDER INTL, 00939AD.PDF
BVU, 20086 BOULDER CITY MUNI, 00612AD.PDF
POU, HUDSON VALLEY RGNL, 00286AD.PDF
, , 05031AD.PDF
FDK, FREDERICK MUNI, 05089AD.PDF
EVV, EVANSVILLE RGNL, 00513AD.PDF
AUS, 21112 AUSTIN-BERGSTROM INTL, 00556AD.PDF
CXY, CAPITAL CITY, 00187AD.PDF
, , 00323AD.PDF
LEE, LEESBURG INTL, 06676AD.PDF
AFW, 24249 PEROT FLD/FORT WORTH ALLIANCE, 06918AD.PDF
BUR, BOB HOPE, 00067AD.PDF
LWB, GREENBRIER VALLEY, 05601AD.PDF
JXN, 23222 JACKSON COUNTY/REYNOLDS FLD, 00861AD.PDF
ADM, ARDMORE MUNI, 00022AD.PDF
CWF, CHENNAULT INTL, 05111AD.PDF
, , 00732AD.PDF
, , 10224AD.PDF
STJ, ROSECRANS MEML, NC3RAD.PDF
CYS, CHEYENNE RGNL/JERRY OLSON FLD, NW1RAD.PDF
, , 01246AD.PDF
IND, 24249 INDIANAPOLIS INTL, 00203AD.PDF
MHT, 24025 MANCHESTER BOSTON RGNL, 00246AD.PDF
LEX, BLUE GRASS, 00697AD.PDF
STC, ST CLOUD RGNL, 05799AD.PDF
LOL, 23110 DERBY FLD, 00941AD.PDF
, , 00147AD.PDF
GON, GROTON-NEW LONDON, 05049AD.PDF
, , 03188AD.PDF
LUK, CINCINNATI MUNI/LUNKEN FLD, 00083AD.PDF
TWF, 22139 JOSLIN FLD/MAGIC VALLEY RGNL, 00885AD.PDF
SCH, 23166 SCHENECTADY COUNTY, 00382AD.PDF
LHW, 24249 WRIGHT AAF (FORT STEWART)/MIDCOAST RGNL, 05170AD.PDF
PWK, CHICAGO EXEC, 05028AD.PDF
ONT, ONTARIO INTL, 00965AD.PDF
VQQ, 24193 CECIL, 00998AD.PDF
AEG, DOUBLE EAGLE II, 06859AD.PDF
, , 00227AD.PDF
PQL, TRENT LOTT INTL, 05404AD.PDF
MKE, 24081 GENERAL MITCHELL INTL, 00262AD.PDF
GLH, GREENVILLE MID-DELTA, 00572AD.PDF
WHP, WHITEMAN, 09132AD.PDF
LWC, LAWRENCE RGNL, 05481AD.PDF
, , 00636AD.PDF
GFL, 24249 FLOYD BENNETT MEML, 00673AD.PDF
HWD, 24081 HAYWARD EXEC, 05015AD.PDF
SGH, 24249 SPRINGFIELD/BECKLEY MUNI, 00958AD.PDF
AKR, AKRON FULTON INTL, 00006AD.PDF
, , 06553AD.PDF
SVC, 23054 GRANT COUNTY, 00793AD.PDF
, , 00307AD.PDF
XNA, NORTHWEST ARKANSAS NTL, 09274AD.PDF
DTW, 24249 DETROIT METRO WAYNE COUNTY, 00119AD.PDF
GJT, GRAND JUNCTION RGNL, 00634AD.PDF
PTK, 23222 OAKLAND COUNTY INTL, 05052AD.PDF
HVN, TWEED/NEW HAVEN, 00671AD.PDF
TYS, MC GHEE TYSON, 00218AD.PDF
CPS, ST LOUIS DOWNTOWN, 05316AD.PDF
PIT, 24193 PITTSBURGH INTL, 00570AD.PDF
ORL, 24137 EXEC, 00305AD.PDF
BTL, 23334 BATTLE CREEK EXEC AT KELLOGG FLD, 00041AD.PDF
HND, HENDERSON EXEC, 06514AD.PDF
SUN, FRIEDMAN MEML, 06239AD.PDF
, , 01729AD.PDF
RFD, CHICAGO/ ROCKFORD INTL, EC3RAD.PDF
PBG, PLATTSBURGH INTL, 00729AD.PDF
BGR, BANGOR INTL, 00039AD.PDF
, , SE1RAD.PDF
SAV, SAVANNAH/HILTON HEAD INTL, 00380AD.PDF
THV, YORK, 05137AD.PDF
, , 00714AD.PDF
OQU, 24193 QUONSET STATE, 00338AD.PDF
SWF, NEW YORK STEWART INTL, 00450AD.PDF
MDW, 23278 CHICAGO MIDWAY INTL, 00081AD.PDF
GPI, GLACIER PARK INTL, 00887AD.PDF
LAR, LARAMIE RGNL, 00225AD.PDF
INL, FALLS INTL/EINARSON FLD, 05092AD.PDF
OLF, L M CLAYTON, 06018AD.PDF
WMC, WINNEMUCCA MUNI, 06471AD.PDF
FCH, FRESNO CHANDLER EXEC, 00161AD.PDF
AMA, RICK HUSBAND AMARILLO INTL, SC2RAD.PDF
MSY, LOUIS ARMSTRONG NEW ORLEANS INTL, 00609AD.PDF
PSC, TRI-CITIES, 00474AD.PDF
MBL, 21336 MANISTEE COUNTY/BLACKER, 05257AD.PDF
STJ, ROSECRANS MEML, 00359AD.PDF
OSH, 23222 WITTMAN RGNL, 00730AD.PDF
BOS, 24193 GENERAL EDWARD LAWRENCE LOGAN INTL, 00058AD.PDF
MTJ, 22195 MONTROSE RGNL, 00668AD.PDF
ECP, 20254 NORTHWEST FLORIDA BEACHES INTL, 10416AD.PDF
CGI, CAPE GIRARDEAU RGNL, 00943AD.PDF
BAK, COLUMBUS MUNI, 00594AD.PDF
FLO, FLORENCE RGNL, 00145AD.PDF
GRK, 24081 ROBERT GRAY AAF, 00906AD.PDF
, , 00511AD.PDF
AHN, ATHENS/BEN EPPS, 00983AD.PDF
, , 00185AD.PDF
9G6, PINE HILL, 06495AD.PDF
JFK, 24249 JOHN F KENNEDY INTL, 00610AD.PDF
CVG, 24081 CINCINNATI/NORTHERN KENTUCKY INTL, 00655AD.PDF
GSO, PIEDMONT TRIAD INTL, 00178AD.PDF
GYY, GARY/CHICAGO, 00748AD.PDF
SBN, SOUTH BEND INTL, 00399AD.PDF
HWV, BROOKHAVEN, 05603AD.PDF
BUF, 20366 BUFFALO NIAGARA INTL, 00065AD.PDF
BGM, 24025 GREATER BINGHAMTON/EDWIN A LINK FLD, 00020AD.PDF
, , 00098AD.PDF
PBI, 24193 PALM BEACH INTL, 00449AD.PDF
, , 00321AD.PDF
, , 02146AD.PDF
GSO, (TRI9.GSO)05JAN17 PIEDMONT TRIAD INTL, 00178TRIAD.PDF
HFD, HARTFORD-BRAINARD, 00189AD.PDF
EAU, CHIPPEWA VALLEY RGNL, 00937AD.PDF
CWI, 21124 CLINTON MUNI, 00972AD.PDF
ELM, ELMIRA/CORNING RGNL, 00131AD.PDF
SQL, SAN CARLOS, 09219AD.PDF
ACK, 24193 NANTUCKET MEML, 00659AD.PDF
NEW, LAKEFRONT, 00288AD.PDF
BRL, SOUTHEAST IOWA RGNL, 00069AD.PDF
, , SE4RAD.PDF
SUX, SIOUX GATEWAY/BRIG GENERAL BUD DAY FLD, 00395AD.PDF
FLL, 24249 FORT LAUDERDALE/HOLLYWOOD INTL, 00744AD.PDF
HMT, 24081 HEMET-RYAN, 06678AD.PDF
VLD, VALDOSTA RGNL, 00892AD.PDF
ENV, WENDOVER, 00445AD.PDF
CMH, 24025 JOHN GLENN COLUMBUS INTL, 00094AD.PDF
PMD, PALMDALE USAF PLANT 42, 00310AD.PDF
, , 00784AD.PDF
FNL, NORTHERN COLORADO RGNL, 05677AD.PDF
CRW, WEST VIRGINIA INTL YEAGER, 00852AD.PDF
ITH, ITHACA TOMPKINS INTL, 00779AD.PDF
EVB, 24249 NEW SMYRNA BEACH MUN I, 06459AD.PDF
, , 10372AD.PDF
MYV, YUBA COUNTY, 00664AD.PDF
ROG, ROGERS EXEC - CARTER FLD, 05002AD.PDF
BDR, BRIDGEPORT/SIKORSKY, 00621AD.PDF
, , 00699AD.PDF
LVK, LIVERMORE MUNI, 06075AD.PDF
SDY, SIDNEY-RICHLAND RGNL, 05303AD.PDF
APN, 22251 ALPENA COUNTY RGNL, 00718AD.PDF
MEV, MINDEN-TAHOE, 09430AD.PDF
BTV, 23278 PATRICK LEAHY BURLINGTON INTL, 00070AD.PDF
PUB, PUEBLO MEML, 00334AD.PDF
, , 00371AD.PDF
, , 05985AD.PDF
EAR, KEARNEY RGNL, 00541AD.PDF
JAC, JACKSON HOLE, 00504AD.PDF
FOK, FRANCIS S GABRESKI, 00996AD.PDF
, , 01229AD.PDF
ORF, 23166 NORFOLK INTL, 00291AD.PDF
SRQ, 24137 SARASOTA/BRADENTON INTL, 00640AD.PDF
HIO, 23334 PORTLAND-HILLSBORO, 05063AD.PDF
CAK, AKRON-CANTON RGNL, 00638AD.PDF
, , 00150AD.PDF
FIN, FLAGLER EXEC, 06440AD.PDF
MFR, ROGUE VALLEY INTL - MEDFORD, 00251AD.PDF
CMA, CAMARILLO, 00680AD.PDF
, , 00214AD.PDF
FOE, TOPEKA RGNL, 00424AD.PDF
OGS, 24081 OGDENSBURG INTL, 05207AD.PDF
, , 05619LDAD.PDF
OWD, NORWOOD MEML, 00725AD.PDF
ABY, SOUTHWEST GEORGIA RGNL, 00008AD.PDF
MEM, 24249 MEMPHIS INTL, 00253AD.PDF
ILN, WILMINGTON AIR PARK, 00583AD.PDF
RFD, CHICAGO/ROCKFORD INTL, 00954AD.PDF
DSM, DES MOINES INTL, 00117AD.PDF
UMP, 24081 INDIANAPOLIS METRO, 05902AD.PDF
BEC, BEECH FACTORY, 05141AD.PDF
, , 00762AD.PDF
DPA, DUPAGE, 05104AD.PDF
UNV, STATE COLLEGE RGNL, 05240AD.PDF
TRI, TRI-CITIES, 00426AD.PDF
INT, SMITH REYNOLDS, 00463AD.PDF
SAN, 24249 SAN DIEGO INTL, 00373AD.PDF
SDL, SCOTTSDALE, 05651AD.PDF
CPR, CASPER/NATRONA COUNTY INTL, 00072AD.PDF
CDC, CEDAR CITY RGNL, 05139AD.PDF
BKX, BROOKINGS RGNL, 00969AD.PDF
HXD, HILTON HEAD, 05709AD.PDF
ABR, ABERDEEN RGNL, 00642AD.PDF
AVL, 23110 ASHEVILLE RGNL, 05061AD.PDF
, , 06053AD.PDF
CTJ, 23110 WEST GEORGIA RGNL - O V GRAY FLD, 06016AD.PDF
, , 11010AD.PDF
HLN, HELENA RGNL, 00192AD.PDF
MIC, CRYSTAL, 05158AD.PDF
AEX, 21280 ALEXANDRIA INTL, 00013AD.PDF
TCL, TUSCALOOSA NTL, 00487AD.PDF
FFZ, FALCON FLD, 06647AD.PDF
, , 00312AD.PDF
MCC, MC CLELLAN AIRFIELD, 00357AD.PDF
FLX, 20086 FALLON MUNI, 00786AD.PDF
, , 01522AD.PDF
MCK, MC COOK BEN NELSON RGNL, 05301AD.PDF
EZM, HEART OF GEORGIA RGNL, 05469AD.PDF
ART, 24249 WATERTOWN INTL, 00666AD.PDF
UES, 24249 WAUKESHA COUNTY, 05078AD.PDF
MKT, MANKATO RGNL, 05755AD.PDF
, , 00133AD.PDF
SBM, 24249 SHEBOYGAN COUNTY MEML INTL, 05379AD.PDF
OLV, OLIVE BRANCH/TAYLOR FLD, 05883AD.PDF
LNK, 23334 LINCOLN, 00232AD.PDF
RHI, RHINELANDER/ONEIDA COUNTY, 05085AD.PDF
MGJ, 24025 ORANGE COUNTY, 05264AD.PDF
SFF, FELTS FLD, 00402AD.PDF
TEB, 24249 TETERBORO, 00890AD.PDF
, , 00447AD.PDF
E06, LEA COUNTY/ZIP FRANKLIN MEML, 06951AD.PDF
ASG, SPRINGDALE MUNI, 05165AD.PDF
, , 00703AD.PDF
HHR, 21336 JACK NORTHROP FLD/HAWTHORNE MUNI, 05120AD.PDF
MQI, DARE COUNTY RGNL, 06372AD.PDF
LAS, HARRY REID INTL, 00662AD.PDF
SMF, 24193 SACRAMENTO INTL, 05490AD.PDF
RDG, READING RGNL/CARL A SPAATZ FLD, 00627AD.PDF
RST, ROCHESTER INTL, 05041AD.PDF
DVN, 22195 DAVENPORT MUNI, 00949AD.PDF
DVL, DEVILS LAKE RGNL, 05305AD.PDF
POC, BRACKETT FLD, 05218AD.PDF
PDT, EASTERN OREGON RGNL AT PENDLETON, 00316AD.PDF
JAX, 22083 JACKSONVILLE INTL, 05570AD.PDF
RKS, 24249 SOUTHWEST WYOMING RGNL, 00353AD.PDF
TUP, TUPELO RGNL, 00854AD.PDF
BKT, ALLAN C PERKINSON/BLACKSTONE AAF, 00052AD.PDF
LCQ, 23054 LAKE CITY GATEWAY, 00811AD.PDF
OWB, OWENSBORO/DAVIESS COUNTY RGNL, 00707AD.PDF
RBD, DALLAS EXEC, 00742AD.PDF
GSP, GREENVILLE SPARTANBURG INTL, 05124AD.PDF
LRU, 22251 LAS CRUCES INTL, 00869AD.PDF
DCA, 24081 RONALD REAGAN WASHINGTON NTL, 00443AD.PDF
SBP, SAN LUIS OBISPO COUNTY RGNL, 00989AD.PDF
LGB, 24025 LONG BEACH (DAUGHERTY FLD), 00236AD.PDF
, , 05081AD.PDF
BVY, BEVERLY RGNL, 05039AD.PDF
, , 00931AD.PDF
OFK, NORFOLK RGNL/KARL STEFAN MEML FLD, 00974AD.PDF
YIP, 24193 WILLOW RUN, 00467AD.PDF
TVF, THIEF RIVER FALLS RGNL, 05201AD.PDF
MNM, 24249 MENOMINEE RGNL, 05145AD.PDF
IAD, 24249 WASHINGTON DULLES INTL, 05100AD.PDF
OTM, OTTUMWA RGNL, 00915AD.PDF
FWA, FORT WAYNE INTL, 00156AD.PDF
, , 06403AD.PDF
42J, 24193 KEYSTONE HEIGHTS, 06891AD.PDF
TME, HOUSTON EXEC, 10328AD.PDF
BMI, 24249 CENTRAL IL RGNL/BLOOMINGTON-NORMAL, 05058AD.PDF
MIA, 24137 MIAMI INTL, 00257AD.PDF
ENW, KENOSHA RGNL, 05449AD.PDF
, , 01196AD.PDF
CFO, COLORADO AIR AND SPACE PORT, 06851AD.PDF
SBD, SAN BERNARDINO INTL, 00547AD.PDF
HUL, HOULTON INTL, 00196AD.PDF
HYI, SAN MARCOS RGNL, 00502AD.PDF
CLL, EASTERWOOD FLD, 00928AD.PDF
OGD, 23110 OGDEN-HINCKLEY, 00297AD.PDF
PKB, 23110 MID-OHIO VALLEY RGNL, 00646AD.PDF
WJF, GENERAL WM J FOX AIRFIELD, 05065AD.PDF
IGQ, 24025 LANSING MUN I, 05826AD.PDF
CHS, CHARLESTON AFB/INTL, 00076AD.PDF
ALN, ST LOUIS RGNL, 05178AD.PDF
RNM, RAMONA, 06667AD.PDF
SNA, JOHN WAYNE/ORANGE COUNTY, 00377AD.PDF
EWB, NEW BEDFORD RGNL, 00644AD.PDF
2R2, 23334 HENDRICKS COUNTY-GORDON GRAHAM FLD, 10352AD.PDF
, , 05067AD.PDF
, , 00169AD.PDF
VDF, 24193 TAMPA EXEC, 09241AD.PDF
, , 01500AD.PDF
PSP, PALM SPRINGS INTL, 00545AD.PDF
, , 00500AD.PDF
BFM, 24193 MOBILE INTL, 00268AD.PDF
CAE, 24193 COLUMBIA METRO, 00089AD.PDF
ILG, NEW CASTLE, 00458AD.PDF
PDX, PORTLAND INTL, 00330AD.PDF
GFK, GRAND FORKS INTL, 05187AD.PDF
SFO, 24249 SAN FRANCISCO INTL, 00375AD.PDF
, , 00759AD.PDF
SHR, SHERIDAN COUNTY, 00388AD.PDF
IWA, PHOENIX-MESA GATEWAY, 00074AD.PDF
BJC, 22195 ROCKY MOUNTAIN METRO, 05612AD.PDF
ESN, EASTON/NEWNAM FLD, 05596AD.PDF
, , 00049AD.PDF
LBL, LIBERAL MID-AMERICA RGNL, 00498AD.PDF
TXK, 24249 TEXARKANA RGNL-WEBB FLD, 00420AD.PDF
YKM, 23110 YAKIMA AIR TRML/MCALLISTER FLD, 00465AD.PDF
MYL, 23054 MC CALL MUN I, 06936AD.PDF
, , 11930AD.PDF
, , 00348AD.PDF
DFW, (HUDAD2.HUDAD)04FEB16 DALLAS-FORT WORTH INTL, 06039HUDAD.PDF
GLD, RENNER FLD/GOODLAND MUNI, 00684AD.PDF
, , SC5RAD.PDF
, , 00679AD.PDF
SFB, 23334 ORLANDO SANFORD INTL, 00917AD.PDF
FMY, 24025 PAGE FLD, 00154AD.PDF
, , 00111AD.PDF
HQZ, MESQUITE METRO, 06444AD.PDF
PWM, PORTLAND INTL JETPORT, 00329AD.PDF
CMX, 24193 HOUGHTON COUNTY MEML, 00896AD.PDF
ELY, 23166 ELY/YELLAND FLD, 05163AD.PDF
, , 00391AD.PDF
, , 05126AD.PDF
GGW, WOKAL FLD/GLASGOW-VALLEY COUNTY, 05382AD.PDF
FOD, FORT DODGE RGNL, 00976AD.PDF
, , 00135AD.PDF
LVJ, 22139 PEARLAND RGNL, 06460AD.PDF
FNT, 24025 BISHOP INTL, 00618AD.PDF
MRY, MONTEREY RGNL, 00271AD.PDF
LCH, LAKE CHARLES RGNL, 05083AD.PDF
, , 01234AD.PDF
, , 00209AD.PDF
, , 00561AD.PDF
RTS, 22083 RENO/STEAD, 00524AD.PDF
ISM, KISSIMMEE GATEWAY, 05793AD.PDF
, , 00108AD.PDF
GUR, CAMP GUERNSEY, 09220AD.PDF
PIE, 24137 ST PETE-CLEARWATER INTL, 00625AD.PDF
ABE, LEHIGH VALLEY INTL, 00015AD.PDF
BHM, BIRMINGHAM-SHUTTLESWORTH INTL, 00050AD.PDF
TZR, 23166 BOLTON FLD, 05958AD.PDF
, , 00738AD.PDF
, , 00314AD.PDF
ROC, 24081 FREDERICK DOUGLASS/GREATER ROCHESTER INTL, 00351AD.PDF
SGR, 24137 SUGAR LAND RGNL, 05537AD.PDF
MCI, KANSAS CITY INTL, 00780AD.PDF
ACT, WACO RGNL, 00439AD.PDF
EYW, 22363 KEY WEST INTL, 00606AD.PDF
LBF, NORTH PLATTE RGNL/LEE BIRD FLD, 00292AD.PDF
DTO, DENTON ENTERPRISE, 05866AD.PDF
MOD, MODESTO CITY-COUNTY-HARRY SHAM FLD, 00643AD.PDF
UGN, WAUKEGAN NTL, 05324AD.PDF
SSF, STINSON MUNI, 00372AD.PDF
RUQ, MID-CAROLINA RGNL, 05551AD.PDF
MTO, COLES COUNTY MEML, 05180AD.PDF
BFL, MEADOWS FLD, 00036AD.PDF
GVT, MAJORS, 05138AD.PDF
RHV, REID-HILLVIEW OF SANTA CLARA COUNTY, 05591AD.PDF
, , 05241AD.PDF
IRK, KIRKSVILLE RGNL, 00217AD.PDF
MLB, 24081 MELBOURNE ORLANDO INTL, 00252AD.PDF
PVU, PROVO MUNI, 00683AD.PDF
VUJ, STANLY COUNTY, 06707AD.PDF
SEA, 24137 SEATTLE-TACOMA INTL, 00582AD.PDF
NQA, 24137 MILLINGTON/MEMPHIS, 00910AD.PDF
, , 05018AD.PDF
BAF, 24025 WESTFIELD-BARNES RGNL, 00446AD.PDF
GEG, SPOKANE INTL, 00403AD.PDF
GEU, GLENDALE RGNL, 06915AD.PDF
GLE, GAINESVILLE MUNI, 06113AD.PDF
FSD, JOE FOSS FLD, 00396AD.PDF
5C1, 24025 BOERNE STAGE AIRFIELD, 10309AD.PDF
, , 05079AD.PDF
LZU, 24137 GWINNETT COUNTY/BRISCOE FLD, 05385AD.PDF
, , 05754AD.PDF
, , NE3RAD.PDF
FAA, (AWDAD.AWDAD1)24137 AL-609, 00609AWDAD.PDF
GTF, 23334 GREAT FALLS INTL, 00177AD.PDF
, , 00934AD.PDF
, , 06422AD.PDF
HNB, 22363 HUNTINGBURG, 05378AD.PDF
21D, 24193 LAKE ELMO, 05455AD.PDF
LIT, 24193 BILL AND HILLARY CLINTON NTL/ADAMS FLD, 00233AD.PDF
, , 00276AD.PDF
TYR, 23278 TYLER POUNDS RGNL, 00622AD.PDF
, , 05001AD.PDF
MCW, MASON CITY MUNI, 00667AD.PDF
, , 01909AD.PDF
HIB, RANGE RGNL, 05159AD.PDF
BOI, BOISE AIR TRML/GOWEN FLD, 00057AD.PDF
HOB, LEA COUNTY RGNL, 00851AD.PDF
ABQ, ALBUQUERQUE INTL SUNPORT, 00012AD.PDF
CWA, CENTRAL WISCONSIN, 05674AD.PDF
DVT, PHOENIX DEER VALLEY, 06646AD.PDF
MHR, SACRAMENTO MATHER, 00356AD.PDF
HVR, HAVRE CITY-COUNTY, 05575AD.PDF
TOP, PHILIP BILLARD MUNI, 00620AD.PDF
MRB, EASTERN WV RGNL/SHEPHERD FLD, 00249AD.PDF
IMT, 24249 FORD, 05347AD.PDF
BPT, JACK BROOKS RGNL, 00521AD.PDF
TKI, MCKINNEY NTL, 06644AD.PDF
ROW, ROSWELL AIR CENTER, 00354AD.PDF
MGW, MORGANTOWN MUNI/WALTER L BILL HART FLD, 00479AD.PDF
ALB, 21168 ALBANY INTL, 00010AD.PDF
CSM, CLINTON/SHERMAN, 00778AD.PDF
ESC, 24249 DELTA COUNTY, 05123AD.PDF
FTY, FULTON COUNTY EXEC/CHARLIE BROWN FLD, 00745AD.PDF
BKV, 23054 BROOKSVILLE-TAMPA BAY RGNL, 06210AD.PDF
SAT, 24193 SAN ANTONIO INTL, 00369AD.PDF
MTN, MARTIN STATE, 05222AD.PDF
ATY, WATERTOWN RGNL, 00444AD.PDF
CON, 24193 CONCORD MUNI, 00095AD.PDF
MGG, MAPLE LAKE MUNI-BILL MAVENCAMP SR FLD, 06585AD.PDF
FWS, FORT WORTH SPINKS, 06917AD.PDF
, , 02147AD.PDF
DWH, 24249 DAVID WAYNE HOOKS MEML, 05457AD.PDF
, , 00274AD.PDF
OAJ, ALBERT J ELLIS/JACKSONVILLE, 05880AD.PDF
, , 01231AD.PDF
MDT, 21336 HARRISBURG INTL, 00188AD.PDF
OSU, 20254 OHIO STATE UNIVERSITY, 05387AD.PDF
GNV, 24249 GAINESVILLE RGNL, 00973AD.PDF
, , 00175AD.PDF
LGA, 24193 LAGUARDIA, 00289AD.PDF
BOW, 23278 BARTOW EXEC, 05838AD.PDF
BVI, BEAVER COUNTY, 05206AD.PDF
BDL, 24249 BRADLEY INTL, 00460AD.PDF
TVC, 24249 CHERRY CAPITAL, 00425AD.PDF
, , 00761AD.PDF
ARW, BEAUFORT EXEC, SE2RAD.PDF
, , SC1RAD.PDF
WAL, WALLOPS FLIGHT FACILITY, 00639AD.PDF
PHF, NEWPORT NEWS/WILLIAMSBURG INTL, 00957AD.PDF
BIH, 24193 BISHOP, 05737AD.PDF
, , 00151AD.PDF
, , 00538AD.PDF
IGM, 20086 KINGMAN, 00215AD.PDF
CID, THE EASTERN IOWA, 00250AD.PDF
, , SW3RAD.PDF
, , 01191AD.PDF
JLN, JOPLIN RGNL, 00540AD.PDF
HEF, MANASSAS RGNL/HARRY P DAVIS FLD, 05326AD.PDF
MKL, MC KELLAR-SIPES RGNL, 05062AD.PDF
SGF, SPRINGFIELD-BRANSON NTL, 00604AD.PDF
, , 00290AD.PDF
EAT, PANGBORN MEML, 00641AD.PDF
CGF, 23278 CUYAHOGA COUNTY, 05027AD.PDF
EKO, ELKO RGNL, 00129AD.PDF
CNM, 24081 CAVERN CITY AIR TRML, 00071AD.PDF
RAP, RAPID CITY RGNL, 00877AD.PDF
, , 00418AD.PDF
BRD, BRAINERD LAKES RGNL, 05182AD.PDF
CNW, TSTC WACO, 00579AD.PDF
MEI, KEY FLD, 00254AD.PDF
JMS, JAMESTOWN RGNL, 00685AD.PDF
RME, GRIFFISS INTL, 09515AD.PDF
PSM, PORTSMOUTH INTL AT PEASE, 00678AD.PDF
DAB, DAYTONA BEACH INTL, 00110AD.PDF
, , 00953AD.PDF
EYE, 23054 EAGLE CREEK AIRPARK, 05733AD.PDF
, , 10443AD.PDF
, , 00916AD.PDF
ARR, AURORA MUNI, 05103AD.PDF
CHO, CHARLOTTESVILLE-ALBEMARLE, 00765AD.PDF
E26, LEA COUNTY/JAL, 09408AD.PDF
BIL, 24025 BILLINGS LOGAN INTL, 00048AD.PDF
LYH, LYNCHBURG RGNL/PRESTON GLENN FLD, 00499AD.PDF
ANE, ANOKA COUNTY/BLAINE (JANES FLD), 05202AD.PDF
, , 11931AD.PDF
GOO, NEVADA COUNTY, 06659AD.PDF
PUW, 24193 PULLMAN/MOSCOW RGNL, 00798AD.PDF
ROA, ROANOKE/BLACKSBURG RGNL (WOODRUM FLD), 00349AD.PDF
ILM, 24025 WILMINGTON INTL, 00459AD.PDF
, , 00374AD.PDF
TIW, TACOMA NARROWS, 05186AD.PDF
GYI, 24137 NORTH TEXAS RGNL/PERRIN FLD, 00389AD.PDF
EKM, ELKHART MUNI, 05287AD.PDF
GRB, 21336 GREEN BAY/AUSTIN STRAUBEL INTL, 00873AD.PDF
OAK, SAN FRANCISCO BAY OAKLAND INTL, 00294AD.PDF
HSA, STENNIS INTL, 05860AD.PDF
OLM, 23110 OLYMPIA RGNL, 00645AD.PDF
SMO, SANTA MONICA MUNI, 05023AD.PDF
INT, SMITH REYNOLDS, 00463TRIAD.PDF
, , 00544AD.PDF
MLI, QUAD CITIES INTL, 00269AD.PDF
BIS, BISMARCK MUNI, 00051AD.PDF
OUN, UNIVERSITY OF OKLAHOMA WESTHEIMER, 05672AD.PDF
PWA, 24249 WILEY POST, 00739AD.PDF
, , EC2RAD.PDF
CXO, CONROE/NORTH HOUSTON RGNL, 05573AD.PDF
VCT, VICTORIA RGNL, 00438AD.PDF
CRG, 21168 JACKSONVILLE EXEC AT CRAIG, 00208AD.PDF
HDC, 24193 HAMMOND NORTHSHORE RGNL, 06035AD.PDF
FPR, TREASURE COAST INTL, 05343AD.PDF
BCT, 23334 BOCA RATON, 00560AD.PDF
AVP, 23166 WILKES-BARRE/SCRANTON INTL, 00661AD.PDF
ELP, 23222 EL PASO INTL, 00134AD.PDF
SBY, SALISBURY-OCEAN CITY WICOMICO RGNL, 00977AD.PDF
RYY, COBB COUNTY INTL/MCCOLLUM FLD, 06424AD.PDF
, , SC3RAD.PDF
TVL, LAKE TAHOE, 05416AD.PDF
MLU, MONROE RGNL, 00270AD.PDF
, , 01235AD.PDF
ROW, T ER, SW1RAD.PDF
SPI, 24249 ABRAHAM LINCOLN CAPITAL, 00518AD.PDF
ALW, 20086 WALLA WALLA RGNL, 00440AD.PDF
, , 00091AD.PDF
, , 05874LDAD.PDF
FRG, REPUBLIC, 00704AD.PDF
, , 05162AD.PDF
LAX, 24249 LOS ANGELES INTL, 00237AD.PDF
MGM, MONTGOMERY RGNL (DANNELLY FLD), 00272AD.PDF
, , 01237AD.PDF
HTH, 22195 HAWTHORNE INDUSTRIAL, 09919AD.PDF
ISO, KINSTON RGNL JETPORT AT STALLINGS FLD, 05038AD.PDF
GCN, GRAND CANYON NTL PARK, 05381AD.PDF
WDG, ENID WOODRING RGNL, 00136AD.PDF
GRI, CENTRAL NEBRASKA RGNL, 00173AD.PDF
APA, 24193 CENTENNIAL, 05715AD.PDF
DTN, SHREVEPORT DOWNTOWN, 00392AD.PDF
LBE, 23222 ARNOLD PALMER RGNL, 05125AD.PDF
HKY, HICKORY RGNL, 00706AD.PDF
EEN, DILLANT/HOPKINS, 00868AD.PDF
, , 00442AD.PDF
SCK, STOCKTON METRO, 00407AD.PDF
MQY, 24193 SMYRNA, 00895AD.PDF
, , 06293AD.PDF
, , 01016AD.PDF
, , 00482AD.PDF
CIU, 22027 CHIPPEWA COUNTY INTL, 00810AD.PDF
RMG, 22139 RICHARD B RUSSELL RGNL - J H TOWERS FLD, 00855AD.PDF
, , 00016AD.PDF
, , 06373AD.PDF
BED, LAURENCE G HANSCOM FLD, 00626AD.PDF
ARA, 24193 ACADIANA RGNL, 05040AD.PDF
, , 05005AD.PDF
LGU, LOGAN-CACHE, 00663AD.PDF
GCC, NORTHEAST WYOMING RGNL, 05728AD.PDF
ISP, LONG ISLAND MAC ARTHUR, 00948AD.PDF
COE, COEUR D'ALENE/PAPPY BOYINGTON FLD, 00527AD.PDF
, , 00562AD.PDF
TOA, ZAMPERINI FLD, 05179AD.PDF
PVD, 24193 RHODE ISLAND TF GREEN INTL, 00333AD.PDF
GRR, 24193 GERALD R FORD INTL, 05184AD.PDF
CCR, 24137 BUCHANAN FLD, 05320AD.PDF
PRC, PRESCOTT RGNL - ERNEST A LOVE FLD, 00546AD.PDF
, , 00197AD.PDF
OTH, SOUTHWEST OREGON RGNL, 00929AD.PDF
, , 00602AD.PDF
, , 00296AD.PDF
TAD, PERRY STOKES, 00427TRINIDAD.PDF
, , 00647AD.PDF
CEZ, CORTEZ MUNI, 00112AD.PDF
, , 00951AD.PDF
PSM, to PORTSMOUTH INTL AT PEASE, NE1RAD.PDF
, , 05731AD.PDF
, , 00914AD.PDF
HSV, HUNTSVILLE INTL-CARL T JONES FLD, 05488AD.PDF
MKC, CHARLES B WHEELER DOWNTOWN, 00213AD.PDF
OPF, 24025 MIAMI-OPA LOCKA EXEC, 00256AD.PDF
YNG, YOUNGSTOWN/WARREN RGNL, 00466AD.PDF
TPH, TONOPAH, 00423AD.PDF
VGT, NORTH LAS VEGAS, 06970AD.PDF
OAK, SAN FRANCISCO BAY OAKLAND INTL, 00294SALAD.PDF
FXE, 23222 FORT LAUDERDALE EXEC, 05942AD.PDF
COU, COLUMBIA RGNL, 05595AD.PDF
CVN, 22083 CLOVIS RGNL, 05144AD.PDF
, , 00722AD.PDF
, , NC2RAD.PDF
XWA, 22363 WILLISTON BASIN INTL, 11234AD.PDF
